,,,,
,,https://www.webability.io/,,
,,,,Google.ca
,S.no,Keywords ,Keywords Difficulty,2/2/2025
,1,how do i access my website to make changes,22,Not in 500
,2,how to make my website accessible,20,Not in 500
,3,how to make my website more accessible,26,Not in 500
,4,accessibility widget for website,21,Not in 500
,5,make my website ada compliant,29,Not in 500
,6,make website ada compliant,26,Not in 500
,7,make your website ada compliant,30,Not in 500
,8,ada compliant website requirements,28,Not in 500
,9,accessibility requirements for websites,28,Not in 500
,10,website ada compliance requirements,22,Not in 500
,11,make your website accessible,25,Not in 500
,12,accessibility features for websites,25,Not in 500
,13,visually impaired website compliance,27,Not in 500
,14,ada website compliance services,26,Not in 500
,15,accessibility options for websites,26,Not in 500
,16,ada website compliance certification,30,Not in 500
,17,ada compliance certification for websites,28,Not in 500
,18,ada accessibility for websites,32,Not in 500
,19,websites that are ada compliant,26,Not in 500
,20,ada accessibility guidelines for websites,26,Not in 500
,21,ada website accessibility requirements,30,Not in 500
,22,website visually impaired accessible,28,Not in 500
,23,ada compliance requirements for websites,25,Not in 500
,24,ada requirements for website accessibility,26,Not in 500
,25,requirements for ada compliant website,26,Not in 500
,26,website disability access standards,25,Not in 500
,27,ada compliance standards for websites,26,Not in 500
,28,ada compliance for software applications,29,Not in 500
,29,making your website accessible visually impaired,26,Not in 500
,30,accessibility compliance for websites,30,Not in 500
,31,website accessibility for visually impaired,28,Not in 500
,32,web application accessibility standards,25,Not in 500
,33,ada requirements for visually impaired,26,Not in 500
,34,web accessibility for visually impaired,26,Not in 500
,35,ada website compliance standards,25,Not in 500
,36,standards for website accessibility,30,Not in 500
,37,accessibility requirements for software,20,Not in 500
,38,accessibility options for visually impaired,26,Not in 500
,39,ada requirements for hearing impaired,21,Not in 500
,40,web accessibility for people with disabilities,29,Not in 500